Length_aa,Max_Identity_perc,Your_Initials,,,,,,,,,,,,,,,,,,,
5,100,JLA,,,,,,,,,,,,,,,,,,,
7,85.71,JLA,,,,,,,,,,,,,,,,,,,
9,66.85,JLA,,,,,,,,,,,,,,,,,,,
11,55,JLA,,,,,,,,,,,,,,,,,,,
5,80,SKB,,,,,,,,,,,,,,,,,,,
7,85.71,SKB,,,,,,,,,,,,,,,,,,,
9,66.85,SKB,,,,,,,,,,,,,,,,,,,
11,64,SKB,,,,,,,,,,,,,,,,,,,
5,100,KET,,,,,,,,,,,,,,,,,,,
7,85.71,KET,,,,,,,,,,,,,,,,,,,
9,67,KET,,,,,,,,,,,,,,,,,,,
11,68.25,KET,,,,,,,,,,,,,,,,,,,
5,100,RTM,,,,,,,,,,,,,,,,,,,
7,86,RTM,,,,,,,,,,,,,,,,,,,
9,77.87,RTM,,,,,,,,,,,,,,,,,,,
11,75,RTM,,,,,,,,,,,,,,,,,,,
5,100,GV,,,,,,,,,,,,,,,,,,,
7,71,GV,,,,,,,,,,,,,,,,,,,
9,77.8,GV,,,,,,,,,,,,,,,,,,,
11,49.8,GV,,,,,,,,,,,,,,,,,,,
5,100,RS,,,,,,,,,,,,,,,,,,,
7,71,RS,,,,,,,,,,,,,,,,,,,
9,66.85,RS,,,,,,,,,,,,,,,,,,,
11,63.64,RS,,,,,,,,,,,,,,,,,,,
5,100,LS,,,,,,,,,,,,,,,,,,,
7,71.43,LS,,,,,,,,,,,,,,,,,,,
9,76.28,LS,,,,,,,,,,,,,,,,,,,
11,63.88,LS,,,,,,,,,,,,,,,,,,,
5,100,TH,,,,,,,,,,,,,,,,,,,
7,71,TH,,,,,,,,,,,,,,,,,,,
9,66.85,TH,,,,,,,,,,,,,,,,,,,
11,60.67,TH,,,,,,,,,,,,,,,,,,,
5,80,SM,,,,,,,,,,,,,,,,,,,
7,71,SM,,,,,,,,,,,,,,,,,,,
9,56,SM,,,,,,,,,,,,,,,,,,,
11,64,SM,,,,,,,,,,,,,,,,,,,
5,100,AP,,,,,,,,,,,,,,,,,,,
7,86,AP,,,,,,,,,,,,,,,,,,,
9,77.88,AP,,,,,,,,,,,,,,,,,,,
11,58.4,AP,,,,,,,,,,,,,,,,,,,
5,100,ASO,,,,,,,,,,,,,,,,,,,
7,46.67,ASO,,,,,,,,,,,,,,,,,,,
9,66.75,ASO,,,,,,,,,,,,,,,,,,,
11,66.18,ASO,,,,,,,,,,,,,,,,,,,
5,100,MRB,,,,,,,,,,,,,,,,,,,
7,71,MRB,,,,,,,,,,,,,,,,,,,
9,67,MRB,,,,,,,,,,,,,,,,,,,
11,55,MRB,,,,,,,,,,,,,,,,,,,
5,100,VBR,,,,,,,,,,,,,,,,,,,
7,86,VBR,,,,,,,,,,,,,,,,,,,
9,70,VBR,,,,,,,,,,,,,,,,,,,
11,75,VBR,,,,,,,,,,,,,,,,,,,
5,100,GAP,,,,,,,,,,,,,,,,,,,
7,71.43,GAP,,,,,,,,,,,,,,,,,,,
9,67,GAP,,,,,,,,,,,,,,,,,,,
11,55,GAP,,,,,,,,,,,,,,,,,,,
5,100,MM,,,,,,,,,,,,,,,,,,,
7,86,MM,,,,,,,,,,,,,,,,,,,
9,64.5,MM,,,,,,,,,,,,,,,,,,,
11,54.85,MM,,,,,,,,,,,,,,,,,,,
5,100,BR,,,,,,,,,,,,,,,,,,,
7,71.43,BR,,,,,,,,,,,,,,,,,,,
9,77.78,BR,,,,,,,,,,,,,,,,,,,
11,88.89,BR,,,,,,,,,,,,,,,,,,,
5,100,AFK,,,,,,,,,,,,,,,,,,,
7,85.71,AFK,,,,,,,,,,,,,,,,,,,
9,67,AFK,,,,,,,,,,,,,,,,,,,
11,63.78,AFK,,,,,,,,,,,,,,,,,,,
5,100,KD,,,,,,,,,,,,,,,,,,,
7,83.33,KD,,,,,,,,,,,,,,,,,,,
9,100,KD,,,,,,,,,,,,,,,,,,,
11,87.5,KD,,,,,,,,,,,,,,,,,,,
5,100,NS,,,,,,,,,,,,,,,,,,,
7,71.6638,NS,,,,,,,,,,,,,,,,,,,
9,66.75,NS,,,,,,,,,,,,,,,,,,,
11,72.73,NS,,,,,,,,,,,,,,,,,,,
5,100%,EJ,,,,,,,,,,,,,,,,,,,
7,85.71%,EJ,,,,,,,,,,,,,,,,,,,
9,62.30%,EJ,,,,,,,,,,,,,,,,,,,
11,63.88%,EJ,,,,,,,,,,,,,,,,,,,
5,100%,HB,,,,,,,,,,,,,,,,,,,
7,83.33%,HB,,,,,,,,,,,,,,,,,,,
9,85.71%,HB,,,,,,,,,,,,,,,,,,,
11,100.00%,HB,,,,,,,,,,,,,,,,,,,
5,100%,AV,,,,,,,,,,,,,,,,,,,
7,53.85%,AV,,,,,,,,,,,,,,,,,,,
9,66.75%,AV,,,,,,,,,,,,,,,,,,,
11,54.75%,AV,,,,,,,,,,,,,,,,,,,
5,5385%,ACC,,,,,,,,,,,,,,,,,,,
7,87.51%,ACC,,,,,,,,,,,,,,,,,,,
9,75.00%,ACC,,,,,,,,,,,,,,,,,,,
11,54.67,ACC,,,,,,,,,,,,,,,,,,,
5,100,JMF,,,,,,,,,,,,,,,,,,,
7,86,JMF,,,,,,,,,,,,,,,,,,,
9,49.64,JMF,,,,,,,,,,,,,,,,,,,
11,64,JMF,,,,,,,,,,,,,,,,,,,
5,100,AL,,,,,,,,,,,,,,,,,,,
7,86,AL,,,,,,,,,,,,,,,,,,,
9,60.67,AL,,,,,,,,,,,,,,,,,,,
11,60.25,AL,,,,,,,,,,,,,,,,,,,